recency_days,purchase_frequency,avg_basket_size_gbp,num_categories,return_rate,discount_sensitivity,email_open_rate,tenure_months,clv_gbp,_true_archetype
57.12019902691279,8,122.2,4,0.084,0.237,0.384,26,514.34,1
139.5905625453679,1,67.05,1,0.171,0.444,0.159,1,5.0,3
41.787002379762484,11,28.72,5,0.219,0.52,0.077,10,23.29,2
36.38186342677447,18,28.89,4,0.164,0.833,0.132,13,56.68,2
19.39141295007434,13,72.13,3,0.166,0.391,0.195,12,191.57,1
80.09588363968729,14,56.34,5,0.03,0.202,0.047,25,364.78,1
7.095255445546881,27,162.08,10,0.038,0.077,0.553,50,3978.92,0
196.7396497334281,1,64.22,1,0.0,0.324,0.06,1,5.0,3
15.495357853061805,10,24.47,3,0.141,0.743,0.246,10,18.59,2
29.284329657870302,22,37.24,4,0.159,0.678,0.41,3,21.33,2
19.714683571359956,30,147.62,7,0.058,0.186,0.431,36,2377.61,0
129.87917680441456,1,64.84,2,0.122,0.323,0.043,3,5.0,3
308.70894766640333,1,6.81,1,0.0,0.22,0.098,2,5.0,3
3.361411842325559,10,70.69,4,0.129,0.346,0.277,17,172.99,1
78.92912736580077,16,77.75,2,0.063,0.246,0.286,18,446.35,1
49.220349344052366,5,53.59,3,0.029,0.189,0.314,17,90.99,1
43.06573776259215,9,95.9,4,0.111,0.309,0.373,28,332.03,1
29.945961913641472,18,35.96,4,0.166,0.785,0.186,22,107.64,2
34.10161826382101,7,64.6,4,0.15,0.291,0.364,8,43.47,1
52.98272228704142,3,69.95,3,0.058,0.286,0.326,23,76.86,1
12.624529662111858,11,18.74,2,0.225,0.945,0.259,13,22.36,2
44.24730595150303,10,73.32,4,0.025,0.258,0.42,27,339.19,1
67.06603764033042,10,68.43,4,0.095,0.246,0.148,24,284.92,1
47.28455297324079,16,76.78,4,0.096,0.489,0.35,37,638.89,1
52.55097452650726,16,11.81,2,0.364,0.667,0.189,21,27.23,2
108.74409485822923,1,48.03,1,0.26,0.668,0.062,7,5.0,3
48.006035229237554,13,47.65,3,0.127,0.368,0.363,14,138.92,1
43.16043435863507,14,22.97,3,0.15,0.71,0.394,10,27.08,2
26.68553739255504,20,17.0,4,0.171,0.729,0.025,7,17.22,2
33.82024496475034,22,217.21,7,0.049,0.056,0.643,35,2580.73,0
30.403287584917962,25,24.36,3,0.196,1.0,0.209,14,75.24,2
37.72775575572288,6,48.83,5,0.147,0.322,0.176,26,123.82,1
28.454200461549775,19,170.94,10,0.055,0.139,0.541,59,3666.62,0
198.58924261362165,1,76.13,1,0.063,0.402,0.07,7,9.45,3
218.02661285592592,2,53.78,1,0.25,0.366,0.175,1,5.0,3
204.8279458470899,1,19.87,1,0.226,0.261,0.036,4,5.0,3
43.861087525578654,17,38.0,6,0.097,0.261,0.15,17,176.87,1
30.93186626639397,18,147.53,4,0.03,0.118,0.532,42,1978.22,0
33.125742119213285,9,37.37,1,0.228,0.385,0.037,11,34.16,2
51.156035377841185,15,68.79,4,0.193,0.351,0.225,28,456.95,1
10.796632146867488,12,75.58,3,0.111,0.302,0.234,18,306.87,1
1.0,19,20.43,2,0.218,0.802,0.0,5,16.07,2
9.887843235688148,12,246.07,7,0.085,0.163,0.616,32,1472.06,0
168.8827404673375,1,53.69,2,0.078,0.84,0.034,4,5.0,3
18.03629155788574,9,69.16,4,0.083,0.253,0.375,15,160.72,1
26.292339262191046,17,24.57,3,0.29,0.683,0.23,21,56.44,2
59.8652818804543,6,93.49,4,0.019,0.22,0.239,28,271.5,1
19.77023628003302,21,25.58,3,0.03,0.785,0.214,8,40.82,2
14.975699851576268,19,33.48,5,0.033,0.601,0.172,1,7.14,2
48.41730876255884,9,59.89,4,0.087,0.242,0.214,14,100.04,1
172.21075801599443,1,97.6,1,0.059,0.239,0.056,2,5.0,3
182.62868831874658,2,86.17,1,0.178,0.336,0.104,1,5.0,3
171.17987990229068,2,53.45,1,0.082,0.462,0.0,3,5.0,3
237.8327470076946,1,78.79,1,0.158,0.49,0.0,3,5.0,3
25.783495606710677,14,5.0,2,0.165,0.693,0.189,20,12.54,2
312.63138009548106,1,45.84,1,0.111,0.544,0.021,2,5.0,3
5.103951797414192,36,250.98,8,0.015,0.067,0.646,19,3349.28,0
41.320333272946414,14,73.37,5,0.083,0.0,0.239,7,145.76,1
13.742130799003519,17,149.98,9,0.065,0.063,0.548,41,1892.78,0
45.36867866130786,18,38.17,2,0.148,0.271,0.412,14,147.88,1
51.95163410723342,16,52.26,5,0.123,0.201,0.301,23,319.76,1
34.204806393812774,8,73.91,4,0.041,0.409,0.282,29,338.95,1
146.55049289952998,1,12.4,1,0.008,0.671,0.0,4,5.0,3
29.433905491953745,6,76.98,4,0.109,0.252,0.289,19,134.07,1
48.91690510195363,11,54.12,4,0.134,0.131,0.429,29,265.76,1
56.96529790274284,16,18.93,4,0.277,0.807,0.51,9,15.57,2
25.43254444769936,3,58.57,4,0.176,0.245,0.225,7,18.83,1
97.81182122525533,1,31.89,1,0.0,0.476,0.029,1,5.0,3
15.557249122886946,23,86.67,7,0.085,0.155,0.473,46,1545.66,0
174.70307709892472,1,94.07,1,0.168,0.242,0.075,1,5.0,3
334.78256025925907,1,48.15,1,0.105,0.361,0.005,3,5.0,3
53.16505511428944,11,29.64,2,0.144,0.145,0.432,14,83.62,1
25.941915184709487,22,230.38,8,0.064,0.121,0.373,28,2078.59,0
131.77952592181614,2,48.92,1,0.106,0.446,0.0,4,7.18,3
39.61264291900515,14,27.11,4,0.09,1.0,0.174,8,29.49,2
21.43231515325805,23,37.0,5,0.0,0.821,0.251,1,7.05,2
278.3470083266441,2,47.5,1,0.206,0.71,0.053,1,5.0,3
1.0,26,145.77,3,0.044,0.023,0.481,39,2574.29,0
10.94832791524319,9,52.86,5,0.138,0.297,0.321,16,109.73,1
65.58311274651288,8,77.81,4,0.103,0.279,0.284,17,149.53,1
280.6620488445864,1,102.6,1,0.244,0.19,0.093,5,6.96,3
38.58874172034238,18,20.08,3,0.24,0.573,0.135,22,59.67,2
54.451949648260864,4,71.5,4,0.119,0.346,0.55,19,88.63,1
30.295503194606137,29,219.53,7,0.034,0.073,0.488,32,3499.98,0
50.120594686277514,12,70.01,5,0.162,0.171,0.194,24,329.21,1
64.65381967891028,8,61.0,3,0.033,0.253,0.265,14,116.37,1
50.99033154879003,28,6.23,3,0.217,0.636,0.23,4,5.0,2
43.869505243691535,18,31.2,4,0.124,0.632,0.176,12,58.17,2
146.78470549752032,1,95.65,1,0.128,0.58,0.0,1,5.0,3
30.89445554880261,14,18.65,3,0.131,0.431,0.159,17,39.93,2
78.30948888925153,5,60.14,4,0.083,0.113,0.177,19,86.69,1
20.29594833441639,10,13.1,3,0.132,0.65,0.382,15,17.34,2
214.13898475111654,1,110.47,1,0.123,0.427,0.091,2,5.0,3
40.47334970420385,9,18.76,3,0.208,0.81,0.318,12,14.53,2
277.70379738771226,1,51.02,1,0.19,0.526,0.091,2,5.0,3
35.90228078132624,10,23.15,1,0.156,0.509,0.214,2,5.0,2
43.42789830041598,19,18.95,4,0.235,0.857,0.0,7,22.68,2
65.2874013003626,1,46.79,4,0.061,0.32,0.395,18,13.96,1
13.419921014210106,29,81.49,9,0.081,0.119,0.561,34,1239.93,0
8.182515373367096,10,73.98,5,0.119,0.302,0.469,11,140.47,1
10.731189300525799,21,224.63,6,0.007,0.142,0.515,6,492.65,0
39.52757702522954,21,5.0,3,0.0,0.773,0.164,13,12.5,2
19.40846066528597,17,68.42,2,0.162,0.3,0.467,17,289.44,1
45.743290729790026,10,33.97,3,0.14,0.59,0.47,7,20.36,2
157.25233554075078,1,62.39,1,0.041,0.385,0.098,2,5.0,3
32.503628446086424,17,69.84,4,0.07,0.25,0.422,17,277.53,1
45.521821004216676,8,49.48,3,0.0,0.291,0.28,17,123.65,1
167.7851783938583,1,17.08,1,0.168,0.274,0.111,2,5.0,3
55.35318040938246,8,16.93,4,0.079,0.41,0.263,18,41.95,1
4.878956247398325,23,119.44,8,0.021,0.066,0.619,33,1840.45,0
30.48512373693069,12,81.94,4,0.146,0.221,0.133,19,290.45,1
48.73533528954157,6,50.42,3,0.127,0.264,0.504,15,71.3,1
145.09914516308137,1,91.92,1,0.194,0.513,0.16,7,10.07,3
119.11459615842799,1,25.81,1,0.204,0.498,0.032,1,5.0,3
21.971471826591483,22,37.75,5,0.121,0.679,0.177,13,91.17,2
141.04334729603957,1,60.42,1,0.0,0.546,0.055,8,9.32,3
106.5635839942646,2,27.57,1,0.089,0.398,0.029,4,5.0,3
29.89234135293355,11,42.74,3,0.121,0.141,0.347,28,199.1,1
182.04500809555356,1,40.28,1,0.08,0.31,0.05,3,5.0,3
49.76091098451489,16,31.52,2,0.182,0.94,0.31,16,74.92,2
133.8016061364815,1,34.07,1,0.158,0.166,0.127,4,5.0,3
194.02715470744485,1,39.8,1,0.188,0.523,0.0,8,5.0,3
32.76964394016103,13,73.87,4,0.086,0.163,0.251,9,145.32,1
16.866778063035554,15,52.16,3,0.036,0.26,0.433,12,138.03,1
26.535335077781916,10,81.2,5,0.126,0.36,0.203,40,536.69,1
17.966307887673327,9,72.34,4,0.058,0.224,0.341,10,117.75,1
86.64626122778236,1,41.52,1,0.27,0.464,0.007,1,5.0,3
199.85281393286743,1,41.29,1,0.11,0.255,0.119,1,5.0,3
1.0,26,216.54,9,0.038,0.0,0.489,48,5000.0,0
32.96399407038599,19,13.62,3,0.162,0.81,0.344,18,36.15,2
25.482534940453345,6,73.67,1,0.209,0.226,0.283,7,47.94,1
66.07283593215679,7,32.68,4,0.129,0.209,0.364,24,94.22,1
26.01202222336114,9,84.24,3,0.071,0.197,0.294,1,11.78,1
97.64764129674782,11,65.23,2,0.069,0.279,0.155,16,208.78,1
230.01173769653548,1,75.83,1,0.11,0.319,0.101,1,5.0,3
54.866358017617785,14,52.61,3,0.095,0.1,0.308,35,339.02,1
61.12891308937898,26,22.99,5,0.256,0.701,0.222,5,24.83,2
19.662182728656482,22,24.93,2,0.07,0.664,0.116,25,117.68,2
48.69672247389748,7,62.87,4,0.088,0.378,0.405,6,40.37,1
60.37586144571267,1,27.38,1,0.242,0.33,0.032,3,5.0,3
202.44339419085432,1,60.51,1,0.174,0.178,0.093,1,5.0,3
27.83284439637573,16,24.48,5,0.156,0.183,0.297,2,12.05,1
56.03945704747874,17,30.99,2,0.203,0.711,0.0,17,75.27,2
59.00619758817983,9,68.17,4,0.109,0.322,0.378,6,52.06,1
33.487243475244526,10,39.41,3,0.063,0.123,0.195,25,156.62,1
23.231705839619146,23,180.71,7,0.087,0.126,0.544,28,1925.13,0
32.96866175193972,14,31.68,3,0.239,0.623,0.268,12,48.19,2
20.228729945783275,7,17.66,4,0.33,0.384,0.119,19,15.56,2
15.733179671884038,34,132.3,8,0.061,0.039,0.668,37,3174.83,0
47.44019629290723,7,32.95,4,0.195,0.317,0.297,27,92.31,1
253.66013954839752,1,85.45,1,0.251,0.277,0.067,3,5.0,3
96.2016907653759,1,29.55,4,0.102,0.317,0.238,14,6.64,1
43.078802005507,14,82.25,3,0.138,0.288,0.375,23,411.3,1
22.741712489185176,14,25.82,3,0.166,1.0,0.218,26,83.09,2
107.42153887852767,1,42.17,1,0.173,0.23,0.125,6,5.0,3
67.98546652571352,13,47.41,3,0.07,0.151,0.303,29,315.88,1
25.194790377085198,17,29.57,2,0.223,0.723,0.075,3,13.11,2
280.3543432102622,1,37.05,1,0.057,0.338,0.054,3,5.0,3
30.936471497482252,9,90.67,2,0.118,0.275,0.369,32,404.69,1
36.36248919602875,13,39.56,2,0.074,0.76,0.173,11,48.6,2
44.300230190060766,10,49.28,4,0.116,0.132,0.409,16,131.88,1
37.84253232053249,17,32.05,2,0.033,0.691,0.203,1,5.08,2
21.394499940921314,18,32.89,3,0.259,0.59,0.227,13,61.18,2
29.634681116085257,17,25.84,3,0.2,0.672,0.089,14,44.64,2
2.100391002589461,27,159.65,6,0.021,0.0,0.584,27,2097.97,0
205.14114056196271,1,49.24,1,0.043,0.289,0.101,2,5.0,3
80.4160127127102,12,25.85,4,0.006,0.225,0.369,1,5.0,1
32.46065884424465,4,37.67,4,0.201,0.353,0.327,11,29.44,1
2.0492122793638394,28,214.32,8,0.041,0.0,0.544,40,4102.02,0
62.13405537917795,15,39.1,3,0.282,0.46,0.32,12,40.28,2
55.91314755151067,19,29.1,1,0.104,1.0,0.14,8,40.26,2
11.642153007098717,28,185.29,9,0.032,0.141,0.49,33,3049.96,0
36.54485504511048,20,16.39,4,0.236,0.515,0.033,1,5.0,2
81.24897115993858,8,84.72,4,0.165,0.33,0.2,15,171.14,1
30.570052172523006,13,39.03,3,0.331,0.545,0.189,14,51.09,2
59.155038709109505,13,56.88,3,0.08,0.252,0.3,16,205.47,1
31.80046990077392,25,31.98,4,0.229,0.634,0.203,21,135.2,2
33.750664482114644,5,49.03,5,0.045,0.153,0.247,16,67.97,1
137.69928865449546,1,84.49,1,0.026,0.156,0.182,2,5.0,3
57.64815478111042,11,63.2,3,0.117,0.315,0.266,27,258.81,1
64.4510889925346,5,70.04,5,0.104,0.252,0.263,28,163.25,1
57.436199244343925,12,82.35,3,0.118,0.018,0.202,17,273.47,1
176.65385534053763,1,59.85,2,0.203,0.703,0.08,5,5.0,3
213.49961475130334,1,41.72,1,0.245,0.588,0.052,1,5.0,3
13.595505602190872,10,88.97,3,0.11,0.328,0.104,27,323.77,1
39.20276959095625,18,20.57,3,0.219,0.893,0.216,8,23.49,2
184.56032348474469,1,67.1,1,0.298,0.283,0.086,7,6.22,3
14.658111522023917,18,20.21,4,0.201,0.702,0.336,15,50.11,2
26.139351938649824,22,27.97,3,0.09,0.515,0.176,3,14.66,2
30.45725648350263,4,52.8,3,0.125,0.248,0.233,21,79.34,1
31.69021525289393,31,209.22,8,0.029,0.106,0.487,25,3570.9,0
212.32535954678215,1,27.44,1,0.217,0.441,0.032,7,5.0,3
124.75958441523802,1,72.03,1,0.243,0.463,0.169,4,5.0,3
4.971238891836158,19,29.63,4,0.295,0.888,0.188,15,57.12,2
40.0496272889699,15,33.48,3,0.172,0.37,0.319,19,144.98,1
43.511331417999074,7,51.73,5,0.128,0.14,0.165,25,152.81,1
35.98834683907919,23,26.97,4,0.157,0.81,0.09,10,49.19,2
190.16164944216467,1,65.22,2,0.104,0.579,0.059,3,5.0,3
95.17713018570119,1,47.3,1,0.057,0.277,0.036,5,5.0,3
173.32643631907797,1,34.04,1,0.218,0.564,0.008,5,5.0,3
39.707939095541114,19,28.11,3,0.235,0.781,0.282,7,31.76,2
12.404086486363951,25,278.82,7,0.079,0.089,0.465,52,4726.27,0
57.41344195101356,7,65.21,5,0.048,0.0,0.302,19,148.35,1
125.7655415121126,1,32.83,1,0.183,0.318,0.105,1,5.0,3
22.75220306550939,15,42.0,5,0.091,0.807,0.218,7,40.06,2
1.0,16,101.79,8,0.009,0.169,0.496,47,1235.01,0
48.55402001866508,11,40.72,5,0.168,0.278,0.49,34,230.96,1
53.60980144935049,20,35.72,4,0.117,1.0,0.158,10,62.72,2
12.542569359140558,26,260.86,9,0.098,0.132,0.626,29,3303.87,0
18.293112825797976,15,40.86,5,0.182,0.279,0.402,6,58.79,1
11.613515054964882,12,26.91,4,0.3,1.0,0.01,14,28.34,2
8.034376796852698,19,34.41,2,0.176,0.597,0.344,4,25.2,2
33.36677727839958,18,14.67,2,0.302,0.944,0.077,10,18.9,2
52.60395702011927,6,66.88,3,0.258,0.081,0.464,14,82.02,1
45.70647453918232,17,28.98,3,0.195,0.757,0.141,12,44.63,2
57.21171490567646,10,59.03,4,0.044,0.152,0.339,17,198.53,1
56.195808958620795,12,60.66,3,0.112,0.526,0.417,22,253.95,1
55.25891537186803,17,43.09,3,0.071,0.775,0.236,5,34.97,2
23.116736056965898,9,22.82,2,0.262,0.446,0.08,23,31.59,2
135.868203444614,2,68.37,1,0.159,0.2,0.093,2,5.0,3
46.180212501469434,15,16.52,3,0.159,0.674,0.051,7,15.6,2
29.42237295748939,18,18.48,5,0.249,0.578,0.0,8,19.1,2
12.272764302523296,20,185.22,4,0.075,0.181,0.528,42,2413.55,0
66.61561451109243,13,44.83,5,0.0,0.219,0.228,28,279.92,1
61.67844309097808,11,55.39,3,0.128,0.323,0.236,18,187.66,1
54.183601584568734,9,41.52,5,0.073,0.185,0.026,7,41.67,1
254.16559051262624,1,85.72,1,0.181,0.509,0.025,1,5.0,3
43.59668577082706,7,77.8,5,0.196,0.041,0.419,25,200.95,1
245.47860723565614,1,39.07,2,0.176,0.594,0.079,4,5.0,3
27.410590500887707,19,14.1,4,0.202,0.824,0.272,6,10.95,2
216.54828725443062,2,66.46,1,0.253,0.788,0.0,4,7.53,3
43.25489906230008,13,17.15,2,0.092,0.861,0.145,23,43.14,2
39.78484317620129,24,21.29,3,0.212,0.389,0.493,15,66.84,2
6.354117645236258,14,10.94,2,0.354,0.697,0.101,6,6.52,2
11.780781329680174,10,80.7,6,0.061,0.233,0.454,24,357.32,1
52.14810524588844,23,25.16,3,0.235,0.868,0.108,19,99.47,2
53.592364382651716,6,23.08,4,0.016,0.223,0.245,2,5.0,1
1.0,21,135.06,10,0.083,0.03,0.415,42,2133.25,0
50.70137031221177,20,34.02,3,0.196,0.672,0.143,13,66.97,2
49.15375374326222,1,41.41,5,0.076,0.21,0.275,18,15.72,1
114.46123411964525,1,5.0,1,0.254,0.22,0.059,1,5.0,3
161.01549301831187,1,40.38,1,0.194,0.505,0.073,2,5.0,3
252.785861998751,1,54.22,1,0.218,0.339,0.135,1,5.0,3
50.43157674390747,12,30.07,6,0.001,0.239,0.225,5,37.53,1
14.457051334821879,28,113.48,7,0.036,0.098,0.727,44,2434.32,0
188.5030148183943,1,32.26,1,0.191,0.518,0.011,1,5.0,3
19.465028483593812,14,47.0,3,0.138,0.276,0.338,13,147.07,1
319.1597723989016,1,31.59,1,0.113,0.179,0.0,4,5.0,3
203.59907036366232,2,38.31,1,0.211,0.211,0.005,2,5.0,3
191.5229469894019,1,62.3,2,0.038,0.284,0.0,2,5.0,3
23.378869191834752,1,58.33,2,0.0,0.235,0.412,11,9.74,1
66.06305706665808,6,31.01,2,0.101,0.124,0.126,24,75.29,1
161.4530121478499,1,50.32,1,0.234,0.412,0.117,1,5.0,3
44.2088969228669,12,41.56,5,0.0,0.299,0.341,19,169.81,1
58.63001394745249,18,39.92,2,0.084,0.055,0.272,8,110.41,1
20.616559477357058,15,15.92,3,0.275,0.809,0.224,14,22.53,2
188.01245428693693,1,5.0,1,0.054,0.304,0.127,3,5.0,3
35.93705300156114,27,40.19,2,0.215,0.753,0.153,10,84.64,2
37.41045279424108,12,30.11,3,0.215,0.751,0.261,8,22.51,2
12.69065469791322,31,170.54,9,0.046,0.019,0.582,16,1594.22,0
33.910106487358604,23,35.31,2,0.124,0.659,0.102,14,91.91,2
170.85180981716738,1,5.0,1,0.173,0.499,0.066,3,5.0,3
45.56636752260923,10,64.15,4,0.182,0.045,0.311,25,287.73,1
21.745422692318698,23,18.42,1,0.216,0.518,0.062,9,29.77,2
222.48652060131542,1,39.83,1,0.082,0.554,0.111,2,5.0,3
19.925649480929227,15,33.55,5,0.272,0.532,0.02,23,75.3,2
29.61668893512832,25,14.08,4,0.141,0.806,0.0,4,13.39,2
47.59093528889047,17,33.9,3,0.3,0.703,0.148,21,93.63,2
45.5951227899149,7,61.39,4,0.118,0.324,0.346,7,52.84,1
63.76567611951995,9,45.57,4,0.057,0.301,0.281,21,148.68,1
237.40213900767503,1,66.44,2,0.194,0.49,0.057,3,5.0,3
132.84063236952304,1,5.0,1,0.147,0.643,0.045,3,5.0,3
100.12602278653331,1,42.51,1,0.022,0.462,0.033,1,5.0,3
69.82767761380221,1,41.84,2,0.184,0.217,0.034,1,5.0,3
38.15400231891648,19,26.72,3,0.194,0.679,0.17,11,45.58,2
24.44078501870841,19,30.53,2,0.138,0.636,0.137,14,67.09,2
210.47947961475262,1,89.71,1,0.104,0.605,0.0,7,9.47,3
41.57548065972517,17,13.24,5,0.27,0.654,0.324,17,24.99,2
1.0,22,16.05,5,0.18,0.857,0.323,8,21.51,2
113.79800362956759,1,45.37,2,0.22,0.309,0.063,2,5.0,3
50.82656442285102,2,64.57,1,0.15,0.537,0.048,3,5.64,3
34.679105435652524,15,63.54,4,0.098,0.244,0.29,11,164.36,1
46.92241553881967,7,49.07,4,0.101,0.11,0.279,15,81.04,1
21.962063648134183,24,226.08,10,0.007,0.089,0.409,48,4902.14,0
47.23148550558155,22,30.97,3,0.253,0.65,0.167,17,90.46,2
33.48956094945345,26,173.62,5,0.034,0.088,0.506,29,1612.12,0
3.904293318328506,9,15.52,4,0.18,0.499,0.021,1,5.0,2
24.563385878953017,25,29.63,3,0.196,0.812,0.143,8,54.51,2
35.75449422589915,7,54.57,5,0.124,0.179,0.397,22,120.83,1
13.20495158060784,10,11.33,2,0.235,0.669,0.14,6,5.0,2
26.265650295477574,34,255.56,7,0.065,0.131,0.561,32,4552.51,0
12.311113094451695,25,107.44,7,0.089,0.102,0.72,60,2488.5,0
203.31471627185783,1,58.53,1,0.182,0.636,0.087,5,5.0,3
36.31007545135369,8,93.47,3,0.032,0.224,0.342,22,235.2,1
38.816557530627215,6,86.81,3,0.13,0.09,0.322,29,214.08,1
10.579777864186415,23,33.48,3,0.22,0.705,0.134,4,27.71,2
329.57997104596745,1,5.0,1,0.073,0.469,0.055,10,5.0,3
49.44267543267426,10,34.01,3,0.0,0.176,0.173,17,119.17,1
47.41240181067779,24,12.67,3,0.06,0.941,0.13,11,32.56,2
3.9347409125832975,40,179.4,6,0.017,0.131,0.439,40,4237.84,0
40.733598032498605,27,117.38,11,0.039,0.135,0.648,31,1840.86,0
22.98448198032163,13,30.52,3,0.122,0.697,0.135,14,48.23,2
35.197558225960734,16,31.26,3,0.265,0.743,0.161,16,56.13,2
29.29619131681224,12,18.03,3,0.191,0.523,0.136,13,23.32,2
37.15561240834682,17,30.82,3,0.163,0.667,0.221,8,36.73,2
179.6357453076064,1,74.21,2,0.103,0.176,0.042,1,5.0,3
31.15232836590383,16,27.6,3,0.105,0.791,0.236,14,61.87,2
35.42502756673045,16,76.59,5,0.069,0.315,0.262,20,435.66,1
230.3094464670985,1,60.38,2,0.113,0.262,0.006,4,5.0,3
70.11512251147042,11,76.23,5,0.076,0.393,0.39,14,189.53,1
27.107853955609922,9,37.03,4,0.132,0.208,0.304,19,130.49,1
15.592184340144883,13,198.18,6,0.045,0.208,0.69,10,483.52,0
15.139292919129462,29,224.34,7,0.008,0.084,0.487,53,5000.0,0
184.9097615128539,2,67.71,1,0.219,0.598,0.054,2,5.0,3
174.06662080853144,1,153.16,1,0.284,0.375,0.087,2,5.0,3
10.755116637171454,22,19.61,2,0.124,0.467,0.109,13,50.59,2
41.26256711677282,9,76.38,5,0.101,0.326,0.366,22,248.29,1
36.2053788345165,4,90.76,3,0.03,0.059,0.477,17,90.7,1
73.93955768707465,14,37.55,6,0.051,0.316,0.404,4,36.66,1
48.931095530231495,10,41.65,6,0.11,0.17,0.309,21,160.0,1
44.9440022917071,25,14.91,2,0.058,0.73,0.327,18,59.4,2
22.59365125258031,25,5.37,2,0.193,0.715,0.102,17,19.19,2
6.651271520103734,15,28.5,4,0.158,0.706,0.038,12,46.86,2
65.6368907893727,9,80.35,5,0.096,0.281,0.249,21,228.79,1
235.1445889792661,1,5.0,1,0.086,0.412,0.0,2,5.0,3
23.578272585511314,17,9.35,1,0.132,0.856,0.238,7,8.67,2
52.51139685951466,10,25.95,4,0.195,0.75,0.118,8,15.34,2
42.753326131702394,14,22.37,4,0.225,0.922,0.232,9,19.02,2
15.288792539260562,23,65.43,6,0.071,0.225,0.045,13,303.18,1
50.341005317385175,11,71.03,2,0.076,0.382,0.283,8,120.92,1
62.79261591246874,7,66.81,3,0.135,0.163,0.267,30,202.18,1
162.58352734868092,1,98.12,1,0.236,0.514,0.054,1,5.0,3
14.758749128899968,26,158.96,8,0.068,0.053,0.522,20,1341.74,0
46.645679785508484,8,67.81,3,0.074,0.313,0.339,22,226.48,1
16.980847607678548,32,49.79,6,0.028,0.112,0.446,24,770.53,0
13.556395880760576,28,189.95,7,0.044,0.06,0.53,32,3240.19,0
196.04353884431418,1,47.81,1,0.0,0.504,0.062,3,5.0,3
24.770217983882112,23,31.79,3,0.347,0.551,0.0,10,46.68,2
24.761134435223568,26,21.98,1,0.094,0.72,0.339,14,63.83,2
9.263379931197637,23,201.84,9,0.036,0.174,0.546,53,5000.0,0
25.175474231739262,12,21.71,3,0.281,0.713,0.267,16,27.68,2
61.15121975341261,15,32.32,3,0.268,0.54,0.05,12,45.4,2
66.30960750130703,15,33.47,5,0.096,0.222,0.285,16,147.3,1
34.654230997992556,10,80.95,3,0.208,0.234,0.268,9,99.84,1
73.1869488037116,4,83.39,5,0.029,0.232,0.122,11,72.11,1
35.7290317834733,18,28.35,2,0.145,0.843,0.052,12,56.33,2
36.45062470786604,19,28.16,2,0.214,1.0,0.367,13,64.1,2
9.531410587596078,17,200.21,7,0.026,0.086,0.616,45,2605.78,0
90.977962472385,14,55.41,5,0.007,0.165,0.206,28,344.45,1
45.45425181047763,14,29.69,5,0.168,0.697,0.126,9,29.56,2
33.581837385397705,20,9.64,4,0.213,0.776,0.117,6,9.3,2
199.3018683717608,1,62.18,1,0.054,0.442,0.014,1,5.0,3
26.11436781268945,16,32.57,2,0.306,0.713,0.0,1,5.0,2
37.74322879120682,7,59.13,5,0.139,0.249,0.348,19,100.42,1
14.672467297840017,23,241.79,8,0.05,0.072,0.659,34,3448.83,0
27.054752263725327,18,31.12,1,0.242,0.593,0.165,8,40.65,2
9.56575228866235,19,126.45,7,0.044,0.076,0.475,40,1763.37,0
28.925981108789042,21,14.83,3,0.236,0.427,0.177,15,37.89,2
139.91457278141706,1,53.86,2,0.073,0.369,0.021,5,5.0,3
29.441666452352376,18,22.56,3,0.17,0.594,0.272,8,28.04,2
36.08994957198456,17,29.38,4,0.066,0.244,0.472,14,130.87,1
40.9144431545547,16,24.61,3,0.096,0.491,0.06,11,40.69,2
30.77918828710949,17,23.66,2,0.185,0.956,0.048,15,47.6,2
40.98960115823369,18,28.34,4,0.284,0.683,0.245,15,50.39,2
239.52254097219136,1,44.39,2,0.042,0.353,0.062,3,5.0,3
74.06768954235402,14,70.29,3,0.084,0.274,0.29,22,374.92,1
169.5024145982755,1,40.75,1,0.023,0.529,0.0,4,5.0,3
134.65529043042932,2,63.24,1,0.183,0.483,0.067,2,5.0,3
76.59144291461425,8,71.44,3,0.061,0.258,0.333,11,112.99,1
7.871542173228356,21,214.01,5,0.039,0.136,0.353,29,2487.96,0
34.54279945693463,15,58.76,5,0.087,0.33,0.395,30,499.33,1
16.06430227691897,28,239.63,9,0.028,0.092,0.548,38,4578.17,0
12.450227825791448,34,91.07,12,0.06,0.068,0.579,37,1716.92,0
28.789251298371266,16,39.31,5,0.093,0.648,0.301,6,33.05,2
30.039929885826886,26,195.98,8,0.1,0.183,0.575,48,4055.22,0
36.596263658082854,10,82.49,5,0.18,0.342,0.219,29,293.63,1
212.19059061422422,1,17.07,1,0.133,0.361,0.005,2,5.0,3
1.0,17,154.79,8,0.054,0.057,0.517,48,2221.36,0
126.09192109253777,2,73.76,1,0.18,0.562,0.103,4,9.21,3
39.364307822789854,13,53.32,4,0.14,0.145,0.337,14,173.87,1
18.11098977931446,12,71.29,4,0.143,0.337,0.226,13,163.71,1
31.17952785474136,17,35.82,4,0.126,0.833,0.043,18,101.27,2
1.0,26,11.88,3,0.209,0.532,0.308,19,45.91,2
181.6908694421477,1,44.6,1,0.205,0.381,0.167,1,5.0,3
43.74491512053722,21,31.22,3,0.131,0.585,0.204,5,26.29,2
179.4528602013478,1,26.75,2,0.171,0.272,0.007,2,5.0,3
26.626961070316035,7,39.61,2,0.029,0.131,0.386,1,5.0,1
24.917184664958643,7,59.53,3,0.042,0.309,0.315,6,46.96,1
245.15373394989467,1,43.75,1,0.203,0.286,0.077,1,5.0,3
208.48189397279717,1,86.43,1,0.144,0.253,0.014,1,5.0,3
178.49838247529138,1,41.62,1,0.055,0.359,0.102,1,5.0,3
29.64404869791743,14,56.51,6,0.0,0.312,0.33,7,102.52,1
44.30630225226437,9,64.51,3,0.06,0.059,0.222,19,185.87,1
229.06597795201722,1,63.96,1,0.235,0.585,0.0,6,5.6,3
49.684294650730415,8,52.61,4,0.148,0.259,0.371,15,121.2,1
263.4124529410388,1,36.73,1,0.103,0.279,0.074,2,5.0,3
213.46861838111172,1,73.95,1,0.075,0.428,0.006,5,6.76,3
76.01000985628154,6,57.37,5,0.126,0.203,0.508,7,35.1,1
180.62115719060284,1,72.14,2,0.136,0.301,0.04,5,5.7,3
101.28982605899043,1,101.22,1,0.077,0.361,0.0,1,5.0,3
25.03291918522418,12,76.52,3,0.089,0.174,0.199,16,234.89,1
116.09318021547764,1,50.61,3,0.117,0.173,0.091,1,5.0,3
35.19732713846989,17,38.29,3,0.145,0.71,0.309,7,34.56,2
161.68651773871994,1,71.72,2,0.178,0.367,0.008,8,9.54,3
64.68644796953167,18,51.26,4,0.099,0.385,0.266,22,275.21,1
143.42926787044303,1,57.45,1,0.178,0.371,0.078,7,6.39,3
40.72022311548982,6,27.87,5,0.066,0.185,0.323,22,60.96,1
25.91506851922462,27,175.92,9,0.08,0.102,0.562,42,2971.24,0
168.78172182087323,1,87.4,1,0.078,0.481,0.033,3,5.0,3
27.46085192497629,31,197.38,5,0.008,0.133,0.702,32,3005.71,0
44.01072580695134,10,94.99,4,0.11,0.169,0.379,3,46.67,1
183.39899549382642,2,37.03,1,0.111,0.433,0.044,4,5.0,3
211.78156526140384,1,73.63,2,0.236,0.22,0.057,2,5.0,3
44.97015164789478,21,28.87,4,0.17,0.854,0.193,19,86.73,2
1.0,16,35.91,2,0.104,0.775,0.0,11,54.05,2
58.496389843332075,16,87.63,7,0.138,0.258,0.244,17,387.61,1
22.54555956875403,10,34.15,2,0.019,0.319,0.017,7,39.67,1
52.64819492368101,12,73.79,5,0.115,0.236,0.436,25,357.12,1
61.325620571710914,24,45.12,3,0.132,0.737,0.185,1,7.98,2
175.77007331645453,1,50.13,1,0.19,0.563,0.012,4,5.0,3
209.1900986295721,1,53.4,1,0.316,0.432,0.061,2,5.0,3
183.8684648886072,1,57.29,1,0.244,0.43,0.127,1,5.0,3
1.0,20,155.64,11,0.055,0.018,0.588,45,2449.61,0
27.906155577672394,20,35.24,3,0.249,0.712,0.306,4,22.83,2
11.573124059196513,23,146.21,8,0.017,0.124,0.513,35,1743.35,0
46.622742251062746,17,27.49,2,0.108,0.76,0.111,11,52.72,2
48.32904416426112,6,49.94,4,0.147,0.367,0.376,24,121.25,1
61.47200601876773,1,61.31,1,0.242,0.399,0.011,1,5.0,3
54.849025280162984,12,65.27,5,0.079,0.303,0.126,11,163.43,1
50.783372878156364,9,65.88,4,0.135,0.032,0.239,12,109.96,1
94.10600279821789,14,55.31,3,0.241,0.197,0.457,14,144.0,1
123.63987637087475,1,52.09,1,0.039,0.322,0.109,3,5.0,3
14.401411093117037,20,35.45,2,0.088,0.73,0.161,5,28.89,2
32.24520031497368,15,44.32,4,0.095,0.194,0.445,1,12.16,1
11.285591340042085,24,181.71,11,0.006,0.047,0.5,23,1635.34,0
39.191608575938545,10,26.45,3,0.156,0.546,0.182,10,19.98,2
1.0,19,125.64,7,0.028,0.141,0.533,31,1198.95,0
171.35474665670307,2,60.37,2,0.211,0.433,0.125,1,5.0,3
14.198766552395158,12,25.24,3,0.251,0.707,0.0,12,25.53,2
7.221833124091247,28,125.71,12,0.086,0.052,0.714,37,1888.62,0
3.8942415453417123,23,213.97,10,0.079,0.135,0.532,47,3670.94,0
107.41831542953355,1,94.45,1,0.146,0.471,0.009,3,5.0,3
34.380060899963645,20,46.19,2,0.12,0.298,0.394,21,276.12,1
32.53718947150471,12,41.68,5,0.063,0.0,0.282,16,121.61,1
215.99572379977226,1,79.64,1,0.106,0.138,0.0,1,5.0,3
271.84504994062183,1,76.73,1,0.163,0.319,0.065,1,5.0,3
253.125711101839,1,43.61,1,0.226,0.362,0.023,5,5.0,3
167.19342774418752,1,32.77,1,0.19,0.438,0.143,3,5.0,3
33.890457616794905,11,43.36,4,0.109,0.505,0.308,26,194.04,1
32.52270443423623,27,122.56,9,0.057,0.155,0.548,34,2065.34,0
269.4435682109971,1,78.88,1,0.08,0.579,0.052,3,5.0,3
20.643465589562922,12,21.49,4,0.186,0.539,0.367,21,42.71,2
32.252257453869646,11,58.66,5,0.123,0.303,0.287,9,81.82,1
188.9200474321267,1,76.9,1,0.209,0.284,0.01,5,6.28,3
68.78033062215104,9,45.68,5,0.11,0.265,0.413,13,86.41,1
58.71047030800179,19,40.63,2,0.167,0.712,0.11,10,75.4,2
24.35678393147461,19,213.32,8,0.004,0.143,0.502,21,1205.14,0
27.139763988549802,27,16.82,4,0.203,0.628,0.251,18,66.4,2
27.715550949941587,21,203.13,8,0.044,0.113,0.66,37,3296.62,0
73.4100849597971,11,73.64,4,0.049,0.368,0.212,6,81.74,1
33.58507412501048,9,89.74,4,0.11,0.484,0.219,10,128.77,1
33.26149309769584,29,40.32,2,0.078,1.0,0.191,21,233.16,2
43.05101596033131,21,30.0,5,0.235,0.694,0.326,21,95.6,2
37.43522831958907,21,11.01,1,0.227,0.489,0.241,14,24.24,2
159.77484173291765,1,91.82,1,0.099,0.325,0.0,4,5.86,3
28.352888537915426,11,48.4,3,0.173,0.337,0.401,9,68.08,1
54.42831112772808,15,64.79,3,0.122,0.345,0.296,26,456.48,1
143.1958401875436,1,39.9,1,0.167,0.323,0.104,6,5.0,3
33.95553911438057,6,69.99,5,0.148,0.263,0.438,12,80.68,1
161.8518188107123,2,49.26,1,0.126,0.28,0.021,2,5.0,3
22.21672064043235,28,93.71,10,0.059,0.088,0.746,37,1630.48,0
156.70939088752627,1,14.01,1,0.132,0.348,0.052,2,5.0,3
3.709482287827708,22,146.12,8,0.055,0.071,0.595,38,1988.29,0
190.22497334252927,1,45.19,1,0.211,0.516,0.098,1,5.0,3
32.256283577153646,9,28.68,3,0.171,0.68,0.177,1,5.0,2
189.63443886299189,1,79.91,1,0.067,0.242,0.026,2,5.0,3
9.754797337202262,34,239.71,4,0.0,0.174,0.558,47,5000.0,0
35.47441503699338,15,5.0,3,0.27,0.778,0.111,15,9.95,2
180.18276120920487,1,43.34,1,0.306,0.464,0.048,5,5.0,3
66.05123377857413,14,31.26,2,0.121,0.951,0.28,18,67.98,2
29.13571804449622,15,33.85,3,0.279,0.612,0.013,12,51.52,2
33.016485700724516,17,19.08,4,0.211,0.463,0.265,22,56.99,2
45.75981594011418,16,26.24,1,0.176,0.823,0.09,17,63.2,2
46.58288899436975,8,44.54,4,0.199,0.493,0.325,15,43.26,2
47.805454583405705,22,19.94,1,0.192,0.635,0.216,19,62.82,2
206.216290184781,1,71.01,1,0.004,0.145,0.049,6,6.03,3
19.89374561227918,22,130.94,6,0.023,0.065,0.554,48,2526.86,0
57.65863635511022,15,69.44,5,0.088,0.236,0.233,19,305.18,1
251.43877648718046,1,50.24,1,0.102,0.316,0.084,5,5.0,3
236.97324812647943,1,63.1,1,0.18,0.351,0.08,1,5.0,3
39.580953330437765,13,14.41,2,0.285,0.661,0.264,14,22.01,2
12.854926309042746,19,39.82,5,0.125,0.69,0.208,1,8.21,2
49.058460417026,15,61.52,4,0.137,0.202,0.295,15,223.63,1
14.685117700055361,10,74.85,4,0.114,0.167,0.208,8,92.75,1
54.50147298451644,28,44.63,2,0.147,0.803,0.025,9,84.67,2
75.95010402660122,2,69.64,3,0.052,0.181,0.301,17,43.06,1
12.80481910471968,13,25.04,2,0.273,0.597,0.114,19,53.01,2
2.7787219110805452,25,156.78,8,0.048,0.048,0.312,29,1934.61,0
90.90612189300579,2,26.31,1,0.197,0.651,0.039,5,5.0,3
26.764731905882712,1,57.13,1,0.142,0.359,0.053,1,5.0,3
34.5395319785855,5,35.11,3,0.158,0.659,0.267,7,11.36,2
18.68586224970963,17,38.41,5,0.263,0.698,0.217,11,44.54,2
80.91755346191044,8,35.25,5,0.116,0.115,0.152,23,106.97,1
236.05919467435643,1,5.0,1,0.145,0.07,0.031,5,5.0,3
29.037924801105113,24,17.58,1,0.319,0.722,0.318,6,17.11,2
32.744226190312276,15,77.38,5,0.05,0.242,0.251,8,148.88,1
97.98727809507473,1,50.33,2,0.183,0.1,0.0,2,5.0,3
166.514075886439,1,14.24,1,0.132,0.405,0.063,4,5.0,3
109.79321843643842,1,85.15,1,0.261,0.492,0.145,1,5.0,3
34.93143615455221,28,20.15,2,0.172,0.715,0.24,23,85.43,2
34.8203582317541,12,37.31,4,0.248,0.765,0.103,22,83.44,2
37.24596880128032,10,77.75,6,0.068,0.082,0.156,24,338.35,1
71.88117374519882,2,74.44,1,0.217,0.456,0.006,5,10.78,3
212.48776369228727,1,66.67,2,0.22,0.425,0.011,1,5.0,3
22.12998430172388,30,203.1,9,0.066,0.133,0.625,29,2865.36,0
12.59674601841865,15,219.17,8,0.0,0.06,0.563,24,1290.91,0
50.7173078144981,6,44.73,3,0.109,0.269,0.369,11,46.12,1
225.54930961815882,1,93.03,1,0.073,0.574,0.006,2,5.0,3
145.40937595639684,1,31.28,1,0.144,0.319,0.086,1,5.0,3
51.6891357997405,8,60.76,4,0.115,0.246,0.372,14,106.99,1
36.32881131352927,20,41.85,5,0.119,0.827,0.12,7,54.75,2
58.170885453456606,13,73.67,4,0.041,0.265,0.127,22,369.12,1
24.537462471305417,1,98.68,1,0.126,0.534,0.072,1,5.0,3
147.22533310485102,1,78.3,1,0.07,0.155,0.042,3,5.0,3
203.50824032415278,1,49.09,2,0.179,0.264,0.004,7,5.72,3
54.20566903587971,16,30.63,3,0.253,0.759,0.21,13,49.84,2
85.20409077532699,12,55.81,5,0.153,0.198,0.433,13,135.41,1
41.46105545011901,9,81.46,4,0.129,0.558,0.55,18,190.14,1
11.251791924504024,13,167.42,10,0.045,0.052,0.593,44,1800.51,0
91.26530587355228,2,83.39,1,0.107,0.129,0.055,8,25.51,3
191.00159518674934,1,27.34,1,0.202,0.359,0.0,3,5.0,3
179.08140904962028,1,34.39,1,0.064,0.393,0.057,5,5.0,3
214.7574899760653,1,39.79,1,0.288,0.417,0.094,3,5.0,3
36.803014522709695,17,16.2,2,0.214,0.768,0.0,8,15.32,2
187.1748221048492,1,41.78,1,0.078,0.409,0.0,4,5.0,3
121.61586354710667,2,28.59,1,0.168,0.261,0.0,2,5.0,3
251.7942900998695,2,85.58,1,0.213,0.371,0.129,3,8.38,3
29.034055109230927,9,107.28,3,0.065,0.386,0.305,15,247.93,1
26.33765047064027,31,44.87,5,0.233,0.463,0.367,16,155.86,2
17.413615439709456,8,44.28,5,0.023,0.126,0.236,19,117.97,1
170.4882256183818,1,48.53,1,0.104,0.175,0.019,4,5.0,3
44.46130752432536,10,19.69,5,0.155,0.708,0.244,15,22.15,2
30.38139920116162,6,32.38,5,0.093,0.273,0.582,1,5.0,1
47.842057333869604,19,21.65,4,0.084,0.772,0.323,17,69.66,2
11.585882772945112,20,28.42,2,0.235,0.809,0.042,14,63.07,2
44.337460542524056,16,66.08,3,0.078,0.189,0.168,3,44.4,1
80.89115727035576,9,74.43,5,0.106,0.149,0.302,23,243.57,1
38.96100104774787,23,40.54,3,0.056,0.596,0.324,30,231.83,2
40.517591134663476,18,33.54,3,0.178,0.601,0.423,6,33.29,2
178.3617276294041,1,63.81,1,0.218,0.604,0.107,2,5.0,3
25.53654744960012,20,29.15,3,0.266,0.614,0.068,2,7.63,2
124.00392245560823,1,40.74,2,0.052,0.354,0.042,3,5.0,3
50.635602199674295,16,29.63,4,0.213,0.78,0.277,10,34.91,2
27.7491661945121,19,25.44,4,0.336,0.855,0.2,3,11.05,2
153.40306492850937,1,9.48,1,0.266,0.327,0.042,3,5.0,3
34.64777401927657,15,55.38,5,0.082,0.116,0.318,26,312.7,1
49.47575903277797,16,89.07,4,0.0,0.293,0.435,11,225.51,1
22.109599682034915,15,150.12,4,0.054,0.028,0.479,53,2062.9,0
126.91183715838594,1,61.75,1,0.151,0.638,0.072,5,5.0,3
31.883646802073134,16,30.58,2,0.272,0.639,0.046,3,9.16,2
27.403922635741957,21,5.0,4,0.154,0.836,0.249,6,5.96,2
44.67154207854496,14,33.23,4,0.081,0.182,0.336,16,133.83,1
68.76786546896167,8,73.86,5,0.085,0.347,0.25,20,197.74,1
19.4426331148604,32,251.12,8,0.075,0.076,0.512,32,4953.09,0
95.53864851747244,12,47.88,3,0.132,0.349,0.205,24,234.07,1
30.233685713722014,16,22.03,3,0.202,0.719,0.283,6,15.49,2
34.382624541593586,10,94.39,4,0.065,0.387,0.266,2,28.99,1
35.21121114963556,6,99.85,2,0.184,0.165,0.199,11,106.66,1
169.62323640459462,1,7.19,2,0.102,0.214,0.006,1,5.0,3
65.88321754138144,11,44.67,5,0.004,0.298,0.305,15,136.8,1
13.555873696571972,20,27.41,4,0.197,0.681,0.14,6,24.19,2
282.70250880854064,1,53.28,1,0.126,0.231,0.057,3,5.0,3
58.637829792526226,5,49.01,2,0.166,0.313,0.244,24,83.17,1
8.399236761085586,18,13.49,4,0.089,0.668,0.317,15,32.83,2
97.68593142411862,1,20.79,1,0.215,0.236,0.031,7,5.0,3
83.18631612739553,1,104.68,1,0.103,0.39,0.0,5,8.04,3
81.93414651472068,15,77.19,6,0.089,0.203,0.151,38,619.42,1
268.2702196496165,1,77.78,1,0.09,0.465,0.067,6,6.97,3
53.917575948374584,24,28.86,2,0.134,0.812,0.033,9,59.35,2
56.67856370651928,8,52.26,4,0.143,0.173,0.426,16,107.77,1
17.295579775225082,18,22.96,3,0.161,0.749,0.051,11,37.65,2
167.44057937088803,2,57.64,1,0.132,0.511,0.037,3,5.22,3
15.129114758155392,9,42.55,2,0.057,1.0,0.214,17,64.35,2
37.81415818425881,11,59.09,4,0.104,0.411,0.25,7,68.4,1
1.0,24,40.73,1,0.203,0.572,0.203,7,56.18,2
56.813096613846184,11,60.51,3,0.157,0.273,0.173,21,200.23,1
11.390338341809201,21,266.94,4,0.071,0.096,0.509,33,2868.57,0
67.17407161165815,9,21.61,4,0.081,0.314,0.283,29,88.99,1
61.40964362394728,12,59.72,5,0.045,0.168,0.307,19,229.44,1
55.14548062214595,8,46.21,2,0.171,0.128,0.125,11,61.49,1
66.33349379178307,13,50.14,5,0.094,0.193,0.333,26,288.01,1
20.415573784657468,13,20.34,3,0.183,0.778,0.128,10,13.64,2
68.38591180891345,5,88.87,4,0.111,0.238,0.195,23,153.11,1
72.64317982075055,11,34.87,3,0.162,0.144,0.471,10,56.64,1
139.85563568040502,1,86.59,1,0.056,0.786,0.042,4,6.9,3
10.153653098887524,15,23.49,6,0.083,0.621,0.281,14,40.36,2
54.630227402045534,15,24.26,1,0.228,0.57,0.253,1,5.0,2
57.97419775179286,18,76.26,3,0.048,0.249,0.352,21,578.12,1
41.657638393662914,6,54.42,6,0.13,0.081,0.26,26,117.66,1
26.59329803364248,39,228.94,10,0.067,0.112,0.652,54,5000.0,0
47.934273728666454,7,54.4,3,0.071,0.138,0.225,27,161.16,1
69.13017933016714,12,75.81,3,0.093,0.317,0.29,17,244.07,1
28.66128658025528,11,66.8,5,0.104,0.31,0.361,15,166.59,1
4.189366724001026,21,184.27,8,0.026,0.148,0.512,42,2689.71,0
52.37346617745803,11,71.41,4,0.025,0.211,0.297,28,500.18,1
45.14725634013951,25,20.48,3,0.25,0.698,0.286,1,5.0,2
37.13322375345279,12,79.36,3,0.061,0.148,0.278,8,145.6,1
45.57489645869635,13,53.37,4,0.168,0.147,0.306,22,244.43,1
19.67774482233414,7,26.95,4,0.216,0.721,0.188,14,17.38,2
63.786537080164635,34,17.42,3,0.177,1.0,0.26,15,75.96,2
21.159356069442637,25,139.59,9,0.0,0.126,0.758,41,2904.5,0
242.3942812437646,1,33.84,1,0.296,0.063,0.0,5,5.0,3
44.72648230487391,23,13.69,3,0.241,0.672,0.155,24,62.88,2
20.931012579683838,33,138.48,6,0.038,0.09,0.593,22,1897.57,0
143.66306761578815,2,68.59,1,0.105,0.491,0.13,6,16.01,3
289.56058281281616,1,60.0,1,0.217,0.316,0.094,1,5.0,3
11.904535606860097,36,206.13,11,0.08,0.09,0.422,44,4902.3,0
70.56903725214598,14,47.76,3,0.144,0.213,0.24,7,70.76,1
220.67555228035616,1,61.6,1,0.167,0.312,0.098,1,5.0,3
25.127529247370664,19,31.23,2,0.248,0.53,0.405,13,47.42,2
48.82198136039807,12,38.3,5,0.097,0.314,0.266,27,162.95,1
45.92873096312297,9,43.49,5,0.112,0.343,0.091,16,102.85,1
17.802877180401616,13,118.98,5,0.085,0.2,0.397,28,694.14,1
1.0,18,31.3,3,0.222,0.741,0.119,17,74.61,2
64.36413858886112,19,16.96,2,0.142,0.389,0.411,11,33.27,2
59.92507132054442,18,84.89,4,0.168,0.135,0.33,22,484.55,1
9.15641299854606,21,33.95,1,0.219,0.686,0.203,14,63.33,2
5.319018795646624,21,18.68,4,0.284,0.702,0.062,22,74.47,2
18.26133022242118,36,200.92,10,0.092,0.126,0.537,25,2710.58,0
57.909683622821504,9,32.98,6,0.09,0.277,0.223,8,35.42,1
45.338556480144604,21,27.53,4,0.158,0.819,0.337,1,5.4,2
150.72531551125783,1,86.81,1,0.071,0.307,0.035,6,8.53,3
66.59628609508908,18,33.2,3,0.347,0.846,0.213,14,54.3,2
50.764092277657774,17,24.66,3,0.163,0.624,0.285,25,91.95,2
88.2650944661092,6,33.55,4,0.112,0.168,0.49,29,105.39,1
38.844435300939985,14,69.64,3,0.157,0.198,0.309,30,436.79,1
38.45863680078539,17,29.55,4,0.202,0.677,0.322,14,64.63,2
49.383006553278776,10,70.95,4,0.061,0.383,0.196,25,240.08,1
49.9876736742151,1,70.98,6,0.178,0.333,0.386,12,13.81,1
76.5490655952695,13,54.9,3,0.023,0.266,0.34,16,187.28,1
2.48886423614697,31,250.08,9,0.071,0.164,0.485,22,3302.32,0
43.09408935226096,8,57.49,4,0.181,0.123,0.339,19,133.0,1
50.58043051540678,10,66.56,4,0.081,0.271,0.257,12,125.46,1
57.15793019433079,11,61.72,4,0.088,0.356,0.345,32,387.37,1
48.73218246312716,11,15.61,3,0.005,0.212,0.274,19,64.81,1
309.4384927959302,1,73.31,1,0.15,0.264,0.0,2,5.0,3
38.92131512497929,17,19.84,3,0.153,0.585,0.234,22,56.37,2
42.80123338170462,24,23.04,4,0.216,0.531,0.141,8,33.01,2
143.6571046197997,2,62.22,1,0.213,0.653,0.148,2,5.0,3
41.38392884680148,21,22.94,3,0.078,0.746,0.298,12,53.08,2
24.240270192069012,30,212.52,8,0.063,0.106,0.331,32,3768.0,0
34.21787135954064,3,17.53,4,0.162,0.509,0.2,12,5.0,2
31.56301655927814,21,23.23,3,0.124,0.638,0.269,1,5.0,2
29.061103081507163,19,9.51,3,0.209,0.551,0.0,5,6.94,2
36.071327708989436,13,55.4,5,0.077,0.385,0.356,1,11.16,1
48.88179985796615,8,42.97,6,0.048,0.379,0.11,21,116.64,1
66.47263499719544,12,63.5,4,0.07,0.416,0.257,15,190.79,1
24.469694011778795,9,119.71,3,0.093,0.281,0.472,17,194.85,1
18.690531166999854,18,20.09,2,0.27,0.782,0.245,5,12.28,2
25.78987384699839,16,22.15,3,0.245,0.97,0.136,17,41.49,2
47.65939348293752,13,67.35,2,0.148,0.309,0.223,15,216.1,1
224.52572232055843,1,13.63,1,0.135,0.526,0.047,1,5.0,3
4.605647787069216,24,22.44,2,0.034,0.505,0.365,17,86.53,2
30.997583701216534,12,53.73,4,0.11,0.391,0.24,24,291.3,1
68.90093257849685,6,78.44,5,0.115,0.295,0.255,27,226.57,1
14.536261904324505,14,69.65,4,0.045,0.2,0.179,20,372.19,1
33.82156305456823,8,68.4,4,0.056,0.205,0.079,15,134.96,1
52.54423750129042,13,72.14,3,0.19,0.274,0.277,18,264.3,1
76.31048058468681,11,101.13,3,0.063,0.121,0.314,18,335.85,1
43.68499477854024,17,37.38,5,0.183,0.236,0.295,12,112.01,1
33.896009466136036,9,69.47,5,0.088,0.36,0.286,23,250.34,1
197.95755482438952,2,31.0,1,0.245,0.403,0.013,2,5.0,3
13.150978635570109,28,104.85,9,0.061,0.077,0.71,29,1683.71,0
28.524905598078753,23,22.59,2,0.343,0.422,0.262,14,47.02,2
82.6231413888118,9,41.47,2,0.1,0.031,0.304,22,143.85,1
258.1044773639279,1,51.93,1,0.232,0.603,0.071,1,5.0,3
16.03972199167512,10,71.11,6,0.154,0.403,0.402,30,365.22,1
1.0238808675983648,9,41.63,5,0.164,0.362,0.281,28,138.19,1
273.69067180361117,1,57.33,1,0.224,0.173,0.108,7,5.97,3
181.920248943946,1,26.74,1,0.113,0.2,0.049,3,5.0,3
134.794927779229,1,115.29,2,0.064,0.073,0.114,3,6.47,3
53.800289001066645,13,51.65,5,0.094,0.204,0.243,13,128.79,1
34.958915512947776,4,54.1,3,0.081,0.304,0.272,25,85.2,1
15.171133392736238,14,24.38,2,0.221,0.681,0.224,17,49.72,2
207.598328576347,1,92.91,1,0.101,0.295,0.104,4,5.66,3
13.446160241763437,20,29.79,2,0.146,0.702,0.249,11,54.32,2
32.698412267302174,13,33.75,5,0.211,0.733,0.1,19,76.13,2
24.575343657385737,6,79.52,3,0.097,0.25,0.358,10,78.59,1
139.33707781487362,1,70.05,1,0.166,0.424,0.0,5,5.0,3
59.167128945987066,6,78.37,4,0.117,0.373,0.441,24,166.67,1
49.87601427542398,14,35.09,5,0.145,0.348,0.237,14,111.44,1
33.71842738526543,17,61.1,6,0.1,0.11,0.31,10,148.5,1
50.88003429516899,11,18.5,4,0.212,0.633,0.362,12,18.76,2
19.39391202658211,10,45.81,5,0.131,0.309,0.334,20,150.83,1
62.449146565602895,9,34.83,4,0.182,0.229,0.201,1,5.31,1
43.774749090034696,15,12.97,5,0.153,0.67,0.399,12,21.08,2
58.00402355917322,10,55.66,3,0.119,0.258,0.302,4,33.39,1
6.442490945652345,22,14.58,2,0.214,0.755,0.239,10,28.19,2
43.01648272441234,15,53.83,5,0.116,0.177,0.153,17,215.9,1
15.155577951444936,23,20.13,3,0.157,0.856,0.359,16,54.69,2
44.111567819823236,21,21.48,2,0.172,0.407,0.143,9,33.05,2
9.772769794809605,29,232.6,7,0.033,0.05,0.62,33,4512.31,0
81.93273992095331,6,108.53,3,0.024,0.425,0.123,19,225.04,1
23.59830467347695,11,68.66,6,0.0,0.354,0.337,15,207.95,1
25.490092258368893,21,130.1,10,0.046,0.028,0.603,19,1056.41,0
300.8032348515974,2,56.8,1,0.194,0.415,0.016,5,7.19,3
14.489496581505222,14,32.45,4,0.119,0.176,0.262,5,31.95,1
188.19211986496424,1,49.69,1,0.0,0.422,0.098,5,5.0,3
31.161838602375113,12,48.7,6,0.095,0.117,0.32,11,110.61,1
15.262689096925357,22,17.3,2,0.152,0.645,0.12,18,59.06,2
158.08070692127347,1,31.2,1,0.149,0.188,0.0,2,5.0,3
26.63050275004463,21,12.04,2,0.1,0.732,0.204,5,11.66,2
38.25078148536828,15,20.44,4,0.21,0.562,0.243,5,11.62,2
44.088279672890046,11,80.43,5,0.074,0.211,0.298,21,315.37,1
49.866788986453834,14,101.77,4,0.112,0.293,0.202,23,539.66,1
191.0808183518945,1,56.94,1,0.163,0.52,0.043,2,5.0,3
99.17242262821821,1,61.44,1,0.128,0.436,0.0,5,6.24,3
121.7031576893609,1,23.96,1,0.253,0.51,0.026,2,5.0,3
40.175278842873404,1,28.28,3,0.097,0.274,0.295,18,8.6,1
15.47483317704547,20,26.81,3,0.241,0.96,0.161,16,69.14,2
252.02483447666552,1,63.35,1,0.184,0.116,0.035,3,5.0,3
52.04110793028593,13,22.4,4,0.156,0.375,0.177,27,119.9,1
7.956563094572408,19,160.8,11,0.1,0.133,0.567,48,2266.81,0
31.5806325921894,22,30.95,4,0.236,0.605,0.254,11,60.65,2
9.989617576226934,22,19.43,4,0.257,0.694,0.231,9,29.66,2
140.58634326171625,1,51.12,1,0.255,0.447,0.032,4,5.0,3
19.96921151619112,7,97.42,4,0.104,0.329,0.439,21,268.53,1
117.18534103908362,2,7.3,1,0.133,0.222,0.022,5,5.0,3
73.87529208146519,3,67.79,4,0.063,0.347,0.164,12,45.0,1
43.35697643214863,12,42.63,3,0.15,0.283,0.28,16,145.4,1
67.34591663176255,15,70.69,4,0.089,0.111,0.196,7,124.22,1
212.19916515163717,1,33.49,1,0.225,0.34,0.0,1,5.0,3
20.979485340731795,24,20.87,5,0.223,0.783,0.1,17,71.55,2
34.79672901213806,22,15.73,2,0.163,0.611,0.252,8,21.5,2
51.854506927554084,9,7.29,4,0.126,0.23,0.357,17,17.95,1
251.14224927977983,1,44.66,1,0.281,0.48,0.165,4,5.0,3
54.13506438307568,14,60.07,2,0.076,0.356,0.267,27,347.81,1
223.137198639904,1,102.19,1,0.255,0.414,0.143,3,5.16,3
56.39534560464408,16,66.56,4,0.068,0.245,0.248,23,359.79,1
53.954171200346295,15,78.49,3,0.104,0.3,0.385,29,487.91,1
6.105093997024962,20,24.69,4,0.259,0.423,0.286,11,45.54,2
57.85445519735088,17,39.72,3,0.101,0.218,0.303,16,190.85,1
36.607121069405984,23,16.52,4,0.105,0.636,0.217,20,61.02,2
29.705433016099782,18,30.73,2,0.137,0.854,0.315,21,106.34,2
71.58305060264863,13,61.71,2,0.124,0.147,0.352,29,428.5,1
239.76286114834897,1,68.91,1,0.063,0.272,0.0,4,5.0,3
48.930423394029404,10,41.49,2,0.087,0.238,0.202,16,140.06,1
38.28734931625722,14,7.14,4,0.133,0.649,0.078,21,15.07,2
134.59229468583237,1,21.61,1,0.13,0.401,0.129,5,5.0,3
33.358712010969924,17,21.4,3,0.276,0.573,0.247,10,29.43,2
59.18007515177025,4,65.11,3,0.008,0.281,0.16,30,154.73,1
94.69135999548938,2,67.15,1,0.122,0.17,0.03,6,12.7,3
50.46210644960766,14,28.01,3,0.266,0.839,0.083,19,53.1,2
43.205286114255465,9,42.09,3,0.078,0.184,0.311,18,120.34,1
73.80234430898946,7,51.84,6,0.14,0.226,0.268,24,148.56,1
270.0800191173292,1,16.32,1,0.189,0.573,0.056,6,5.0,3
31.87836753971861,15,26.84,2,0.234,0.65,0.089,6,20.42,2
23.558916883121206,17,51.93,2,0.275,0.623,0.137,7,40.24,2
160.63920966947185,1,82.07,1,0.205,0.369,0.047,6,7.01,3
164.95001901269717,1,43.22,1,0.083,0.568,0.017,6,5.0,3
31.472153958814605,19,40.08,3,0.085,0.156,0.363,30,368.42,1
81.01880865821632,9,73.02,4,0.088,0.362,0.292,16,193.73,1
44.196840987113134,10,77.17,4,0.149,0.221,0.321,20,243.3,1
31.834462545484257,14,28.5,5,0.138,0.722,0.106,1,5.0,2
1.0,24,192.51,10,0.022,0.129,0.412,50,4223.35,0
38.14947043554582,16,14.96,3,0.224,0.816,0.145,22,41.08,2
259.6916485109435,1,52.66,1,0.155,0.321,0.099,4,5.0,3
213.37380056403958,1,88.14,1,0.0,0.321,0.056,3,5.0,3
16.384497957639038,12,55.31,4,0.064,0.395,0.138,28,316.91,1
207.35326632489645,1,22.82,1,0.265,0.285,0.026,5,5.0,3
47.562088298215784,10,60.76,4,0.023,0.403,0.489,17,187.16,1
309.90014069406504,1,20.07,1,0.109,0.531,0.0,4,5.0,3
31.378966850502383,17,31.03,3,0.092,0.242,0.284,7,55.78,1
61.81287097977448,8,54.01,5,0.076,0.149,0.37,35,244.69,1
141.38890617719142,1,40.41,1,0.154,0.294,0.005,2,5.0,3
31.947520413952184,11,59.0,6,0.052,0.041,0.216,14,176.81,1
36.07633133570441,7,112.42,2,0.091,0.103,0.331,19,215.71,1
30.732901054885566,9,24.05,4,0.191,1.0,0.179,7,11.86,2
30.608875368058236,19,7.24,2,0.259,0.824,0.284,11,11.37,2
19.47012468289867,18,24.19,2,0.192,0.874,0.168,7,20.12,2
20.05648623673578,14,16.67,4,0.173,0.624,0.041,16,28.3,2
8.960920923004597,21,34.15,2,0.238,0.546,0.314,10,50.95,2
7.209185381089384,5,37.76,3,0.125,0.113,0.17,27,75.3,1
35.953873615018466,8,89.28,4,0.1,0.388,0.345,13,156.23,1
1.0,10,79.94,3,0.115,0.262,0.264,10,127.57,1
235.67040768487422,1,80.96,1,0.125,0.497,0.0,4,5.0,3
56.24365114780409,23,19.5,3,0.261,0.709,0.116,4,13.82,2
13.321943530285534,8,65.61,5,0.191,0.289,0.303,20,182.61,1
11.342051469130723,10,23.83,3,0.153,0.716,0.194,15,35.23,2
183.42078749382506,1,17.02,1,0.242,0.343,0.051,3,5.0,3
60.20829312288595,7,95.17,3,0.083,0.028,0.37,4,47.39,1
19.606422033061392,14,18.64,3,0.196,0.538,0.245,3,6.19,2
19.22389101646204,14,42.39,3,0.126,0.674,0.22,7,36.87,2
43.42386565416662,13,21.79,3,0.025,0.76,0.309,1,5.0,2
1.0,23,279.78,7,0.098,0.129,0.502,13,1398.96,0
196.11553673179543,1,5.0,1,0.0,0.104,0.0,1,5.0,3
271.70810558475193,2,43.72,1,0.149,0.314,0.037,6,7.71,3
25.575754825619583,22,43.33,4,0.214,0.754,0.248,3,20.46,2
48.716131090106,17,33.14,4,0.243,0.776,0.114,13,52.98,2
210.47014537737743,1,68.79,1,0.142,0.223,0.119,3,5.0,3
